year,country,publications_,publications__on_nature,publications_graphene,publications_graphene_on_nature,publications_topological,publications_topological_on_nature,publications_plasmonics,publications_plasmonics_on_nature,publications_photonics,publications_photonics_on_nature,publications_zika,publications_zika_on_nature,publications_coronavirus,publications_coronavirus_on_nature
2000,United States,20228,2314,2,,157,41,12,,121,13,1,,4,1
2000,United Kingdom,7936,780,,,46,5,10,,52,6,,,1,1
2000,Germany,13020,372,,,103,5,53,,170,5,1,,,
2000,France,5215,234,1,,65,9,3,,52,2,,,1,
2000,Canada,3491,208,,,27,3,1,,14,2,1,,,
2000,Japan,7973,205,2,1,38,6,5,,176,5,,,,
2000,,10915,146,1,,70,3,,,56,,,,1,
2000,Switzerland,1889,143,,,17,3,,,25,3,,,,
2000,Italy,4159,127,,,59,2,2,,56,2,,,1,
2000,Netherlands,2559,117,,,14,3,3,,22,1,2,,2,
2000,Australia,2404,93,,,21,1,3,,12,,,,,
2000,Sweden,1785,79,,,,2,2,,,,,,1,
2000,Israel,1236,66,,,,2,2,,,,,,,
2000,Spain,2445,54,,,41,,,,21,1,,,2,
2000,Belgium,1274,43,,,19,,,,,,,,,
2000,Denmark,,38,,,,,,,,,,,1,1
2000,Finland,,36,,,,2,,,,1,,,1,
2000,Austria,1215,34,,,,1,2,,13,,,,,
2000,Russia,8882,19,1,,69,1,30,,259,,2,,,
2000,Brazil,,17,,,17,,,,,,,,,
2000,China,4371,,2,,65,1,2,,42,,1,,,
2000,India,2598,,,,25,1,21,,38,1,1,,,
2000,South Korea,1826,,,,15,1,,,14,,,,,
2000,Poland,,,,,17,,,,12,,,,,
2000,Czech Republic,,,,,15,,,,,,,,,
2000,Turkey,,,,,,1,,,,,,,,
2000,Ukraine,,,,,,,3,,14,,,,,
2000,Belarus,,,,,,,2,,,,,,,
2000,Romania,,,,,,,2,,,,,,,
2000,Taiwan,,,,,,,2,,22,,,,,
2000,Hong Kong,,,,,,,1,,,,,,,
2000,Singapore,,,,,,,,,,1,,,,
2000,Argentina,,,,,,,,,,,,,1,
2000,Georgia,,,,,,,,,,,,,1,
2000,New Zealand,,,,,,,,,,,,,1,
2000,Norway,,,,,,,,,,,,,1,1
2001,United States,21000,2619,3,1,200,50,19,,126,19,9,1,8,1
2001,United Kingdom,7631,814,3,,64,12,10,,47,8,,,1,1
2001,Germany,12554,359,3,1,85,10,82,,156,4,1,,2,1
2001,France,4988,250,2,1,76,4,12,,52,4,,,,
2001,Japan,7572,239,2,,47,5,9,,161,8,,,2,
2001,Canada,3588,215,1,1,34,7,,,,1,2,,1,1
2001,,11405,155,,,53,2,,,55,,1,,5,
2001,Switzerland,1862,147,1,1,,3,6,,22,3,,,,
2001,Australia,2443,125,,,13,,,,14,1,1,,,
2001,Italy,4011,122,,,46,,9,,40,2,,,1,
2001,Netherlands,2621,122,,,15,4,,,22,1,,,1,
2001,Sweden,1859,95,1,1,,2,4,,16,1,,,,
2001,Israel,1322,69,,,19,,4,,,,1,,,
2001,Spain,2506,58,,,45,2,7,,20,,,,1,
2001,Belgium,1312,56,3,,12,3,,,,2,,,,
2001,Denmark,,45,,,,,,,,1,,,1,
2001,Austria,,40,1,,,1,6,,21,2,,,,
2001,China,5066,33,2,,74,2,11,,77,1,,,,
2001,Finland,,27,,,,,,,19,,,,,
2001,Russia,11732,24,2,1,106,1,114,,414,1,1,,,
2001,India,2597,,,,18,2,22,,30,1,,,,
2001,South Korea,1969,,1,,,1,,,25,,1,,1,
2001,Ukraine,1602,,,,19,,18,,27,,1,,,
2001,Brazil,,,1,1,19,1,4,,,,,,,
2001,Poland,,,,,16,,,,,,,,,
2001,Hungary,,,,,15,1,,,,,,,,
2001,Ireland,,,,,,1,,,,,,,,
2001,Belarus,,,,,,,15,,,,,,,
2001,Armenia,,,,,,,4,,,,,,,
2001,Bulgaria,,,,,,,4,,,,,,1,
2001,Czech Republic,,,,,,,4,,,,,,,
2001,Taiwan,,,,,,,,,17,,,,,
2001,Turkey,,,,,,,,,,1,1,,,
2001,Greece,,,,,,,,,,,1,,,
2001,Norway,,,,,,,,,,,1,,1,
2002,United States,21991,2567,7,,209,55,31,1,212,28,4,,14,2
2002,United Kingdom,7523,812,2,2,49,8,15,,82,7,,,5,2
2002,Germany,12173,367,2,,95,7,38,,135,10,3,,2,1
2002,France,4900,238,1,,91,5,8,,61,2,,,1,
2002,Japan,7422,220,,,49,6,17,,127,8,1,,,
2002,Canada,3602,211,,,23,2,8,,29,2,,,2,
2002,,11509,155,,,69,1,,,71,4,1,,3,
2002,Switzerland,1758,133,,,23,3,8,,21,,,,,
2002,Netherlands,2611,128,,,,1,8,,27,2,,,1,1
2002,Italy,4097,117,1,,46,2,7,,40,2,1,,,
2002,Australia,2373,108,,,12,,,,19,2,2,,,
2002,Sweden,1724,83,,,15,2,3,,,,,,2,1
2002,Israel,,67,,,12,1,5,,,1,,,,
2002,Spain,2481,57,,,38,,,,18,,,,,
2002,Denmark,,45,,,,,,,,,,,,
2002,Austria,1289,37,,,,,4,,,,,,1,1
2002,China,5313,32,2,,64,,3,,52,,,,,
2002,Belgium,1214,31,,,,,,,,,,,,
2002,Finland,,28,,,,,,,,,,,,
2002,Russia,11698,26,,,100,2,12,,392,,1,,,
2002,India,2810,,1,,20,,22,,33,,,,,
2002,South Korea,2119,,,,,1,3,,26,,,,,
2002,Ukraine,1469,,1,,12,,,,30,,,,,
2002,Ireland,,,1,1,,,,,,,,,,
2002,Taiwan,,,1,,,,,,28,,,,,
2002,Poland,,,,,26,,4,,18,,,,,
2002,Brazil,,,,,19,,,,,,,,,
2002,Czech Republic,,,,,12,,,,,,,,,
2002,Argentina,,,,,,1,2,,,,,,,
2002,Mexico,,,,,,1,,,,1,,,,
2002,Saudi Arabia,,,,,,1,,,,,,,,
2002,Greece,,,,,,,3,,,,,,,
2002,Hungary,,,,,,,3,,,,,,,
2002,Belarus,,,,,,,,,21,,,,,
2002,Portugal,,,,,,,,,,1,,,,
2003,United States,23590,2620,5,5,251,47,15,2,165,46,5,1,25,12
2003,United Kingdom,7919,806,1,1,63,15,6,1,62,9,,,9,1
2003,Germany,11659,375,3,,88,5,36,,153,11,2,,7,1
2003,France,5270,273,2,2,92,9,9,1,54,2,,,6,2
2003,Japan,8514,247,,,46,1,6,,174,5,1,,3,
2003,Canada,4221,219,,,27,1,4,,30,3,2,,4,
2003,Switzerland,2096,146,,,,3,4,,29,4,,,,
2003,Italy,4843,137,,,63,4,6,,40,3,,,2,1
2003,Netherlands,2827,129,,,19,1,3,,22,3,,,3,2
2003,Australia,2719,90,,,24,,5,,23,1,,,2,
2003,,12784,85,1,,78,1,,,68,1,,,5,
2003,Sweden,1928,77,,,17,2,2,,17,,,,2,
2003,Israel,,70,,,17,,,,,2,,,,
2003,Spain,2813,66,,,44,1,4,,,,,,2,
2003,Belgium,1475,46,,,,1,,,,2,1,,1,
2003,China,6242,45,5,,84,,4,,74,3,1,,16,2
2003,Denmark,,45,,,,,,,,2,,,1,
2003,Austria,1550,39,,,,1,5,,18,2,,,,
2003,Russia,11719,26,2,,120,1,3,,410,2,5,,,
2003,India,3079,24,,,29,,21,,35,,,,,
2003,South Korea,2495,,,,24,2,,,38,,,,,
2003,Poland,1425,,1,,38,,2,,,,1,,,
2003,Finland,,,1,1,,,,,,,,,1,
2003,Brazil,,,,,20,,3,,,,,,1,
2003,Ukraine,,,,,20,,,,17,,,,,
2003,New Zealand,,,,,,1,,,,,,,,
2003,South Africa,,,,,,1,,,,,,,,
2003,Portugal,,,,,,,2,,,,,,,
2003,Argentina,,,,,,,1,,,1,,,,
2003,Taiwan,,,,,,,,,23,,,,3,
2003,Belarus,,,,,,,,,19,,,,,
2003,Turkey,,,,,,,,,,2,,,,
2003,Bulgaria,,,,,,,,,,1,,,,
2003,Greece,,,,,,,,,,,1,,,
2003,Hong Kong,,,,,,,,,,,,,3,
2003,Ireland,,,,,,,,,,,,,1,1
2004,United States,25890,2865,9,3,286,40,33,1,238,39,4,,37,16
2004,United Kingdom,9009,854,,,73,17,8,,49,9,,,8,3
2004,Germany,11612,417,,,120,16,42,,120,12,3,,7,2
2004,France,5840,278,2,1,91,9,19,,59,3,2,1,,1
2004,Japan,8683,271,3,1,48,3,14,,145,11,,,3,2
2004,Canada,4615,258,1,,53,2,6,,35,4,2,,8,1
2004,Switzerland,2299,175,1,,21,3,6,,22,2,1,,2,2
2004,Australia,3159,124,,,29,1,7,,18,1,,,4,1
2004,Italy,5190,121,2,,63,2,4,,44,4,1,,2,2
2004,Netherlands,3122,115,,,21,4,5,,18,6,,,4,3
2004,Sweden,2074,88,,,,,,,24,3,,,2,1
2004,Spain,3098,76,3,1,49,3,,,21,2,,,2,2
2004,,13225,68,2,1,68,1,3,,83,1,3,,7,
2004,China,7402,61,2,,104,,20,,117,,2,,20,1
2004,Belgium,1551,56,1,,,1,,,,2,,,2,1
2004,Israel,,56,,,23,2,,,,,,,,
2004,Austria,1669,45,1,,,,7,,17,1,,,,
2004,Denmark,,44,1,1,19,1,,,,2,1,,,
2004,Russia,11763,30,1,,98,,120,,323,2,2,,3,
2004,South Korea,2684,29,2,1,,,,,32,,,,,
2004,India,3279,,,,24,,15,,47,2,,,,
2004,Turkey,1787,,,,,,,,,,,,,
2004,Argentina,,,1,,,,,,,,,,,
2004,Poland,,,,,48,,,,,,1,,,
2004,Brazil,,,,,37,,,,,,,,,
2004,Ukraine,,,,,22,,21,,27,,,,,
2004,Chile,,,,,,1,,,,,,,,
2004,Czech Republic,,,,,,1,,,,1,,,,
2004,Hungary,,,,,,1,,,,,,,,
2004,Mexico,,,,,,1,,,,,,,,
2004,Norway,,,,,,1,,,,,,,,
2004,Belarus,,,,,,,15,,,,,,,
2004,Singapore,,,,,,,6,,,,,,6,
2004,Armenia,,,,,,,5,,,,,,,
2004,Uzbekistan,,,,,,,4,,,,,,,
2004,Taiwan,,,,,,,,,19,,,,4,
2004,Finland,,,,,,,,,,1,,,2,
2004,Greece,,,,,,,,,,,2,,,
2004,Hong Kong,,,,,,,,,,,,,8,
2004,Serbia and Montenegro,,,,,,,,,,,,,2,
2005,United States,29133,3295,15,6,352,55,12,,282,47,9,1,41,17
2005,United Kingdom,10031,977,4,3,98,16,2,,87,12,4,2,11,3
2005,Germany,12186,512,1,,148,16,17,,181,14,1,,19,2
2005,France,6289,339,3,,140,7,6,,81,7,1,,7,2
2005,Japan,9382,288,1,1,75,2,3,,210,17,7,1,5,3
2005,Canada,5365,251,,,68,7,4,,40,3,,,9,2
2005,Switzerland,2393,194,,,26,6,3,,29,4,2,1,,
2005,Netherlands,3523,190,4,3,26,2,,,22,2,,,5,2
2005,Italy,5614,162,3,1,88,2,2,,58,3,,,4,1
2005,Australia,3468,139,1,,23,,1,,,1,1,,5,
2005,,12215,125,2,1,41,,6,,49,4,4,,5,
2005,Sweden,2296,105,,,,2,,,,,1,,3,
2005,Spain,3284,98,4,1,48,3,2,,32,,2,,3,
2005,Israel,,85,,,28,2,1,,,5,,,,
2005,Austria,1847,71,,,,1,,,,2,1,,6,3
2005,Belgium,,71,,,,2,,,,1,1,,3,
2005,China,9557,67,2,1,115,2,4,,181,2,3,,28,4
2005,Denmark,,66,,,,1,,,,,1,1,,
2005,South Korea,2980,43,1,,25,1,,,27,1,1,,,
2005,Ireland,,32,,,,1,,,,,,,,1
2005,Russia,12071,,2,1,130,,4,,630,3,,,,
2005,India,3781,,3,,27,,17,,55,,,,,
2005,Turkey,2076,,,,,,,,,,,,,
2005,Ukraine,1761,,2,,25,,,,54,,,,,
2005,Argentina,,,2,,,,,,,,,,,
2005,Mexico,,,2,1,,,,,,,,,,
2005,Poland,,,,,53,1,,,20,1,,,,
2005,Brazil,,,,,28,,,,,,,,2,
2005,Hungary,,,,,,4,2,,,,,,,
2005,Czech Republic,,,,,,,1,,,,,,,
2005,Egypt,,,,,,,1,,,,,,,
2005,Greece,,,,,,,1,,,2,,,,
2005,Namibia,,,,,,,1,,,,,,,
2005,Belarus,,,,,,,,,42,,,,,
2005,Taiwan,,,,,,,,,41,,,,7,
2005,Singapore,,,,,,,,,21,,,,5,
2005,Croatia,,,,,,,,,,1,,,,
2005,Botswana,,,,,,,,,,,1,,,
2005,Hong Kong,,,,,,,,,,,,,8,1
2005,Finland,,,,,,,,,,,,,4,
2005,Thailand,,,,,,,,,,,,,,1
2006,United States,34176,3996,16,10,420,60,24,2,373,77,6,1,55,23
2006,United Kingdom,11175,1108,5,4,110,12,4,,83,15,1,,11,3
2006,Germany,14204,654,5,3,198,14,21,2,235,29,2,,23,1
2006,France,6895,379,3,1,126,12,11,4,130,12,1,,13,3
2006,Canada,6132,362,1,1,62,2,,,49,5,1,1,17,5
2006,Japan,9816,334,3,1,80,1,6,,221,15,1,,6,
2006,Netherlands,3852,253,5,3,30,7,3,1,35,5,2,,11,
2006,Switzerland,2786,241,,,35,,,,40,5,,,3,1
2006,Italy,6523,208,3,2,124,2,3,,93,7,1,,5,
2006,Australia,3860,207,,,29,4,2,,,4,2,,6,2
2006,,10006,145,2,1,62,2,7,,81,2,3,,,
2006,Sweden,2421,110,,,,1,,,,2,2,,,
2006,Spain,3961,105,,,74,4,4,,42,3,2,,,
2006,Belgium,,94,,,25,2,2,1,,1,,,4,2
2006,Israel,,94,1,1,25,6,,,,4,,,3,
2006,Denmark,,89,1,1,,2,2,1,,2,,,5,
2006,Austria,2092,81,,,,2,4,,,2,,,4,1
2006,China,12805,69,1,,180,3,11,,215,,1,,36,2
2006,South Korea,3234,63,2,,24,,,,58,2,1,,4,
2006,Norway,,45,,,,1,,,,,,,,1
2006,Russia,15175,,7,1,157,,8,,699,3,7,,,
2006,India,4110,,,,33,,15,,58,,,,,1
2006,Turkey,2393,,,,,,,,,,,,,
2006,Brazil,2003,,1,1,33,2,2,,33,1,,,3,
2006,New Zealand,,,1,,,,,,,,,,,
2006,Poland,,,,,32,,,,52,,,,,
2006,South Africa,,,,,,1,,,,,,,,
2006,Singapore,,,,,,,6,,42,,1,,5,
2006,Finland,,,,,,,3,,,,,,,
2006,Egypt,,,,,,,2,,,,,,,
2006,Ukraine,,,,,,,,,63,,,,,
2006,Belarus,,,,,,,,,43,,,,,
2006,Taiwan,,,,,,,,,,,,,7,
2006,Hong Kong,,,,,,,,,,,,,3,
2007,United States,36877,2119,27,12,467,45,69,17,389,95,8,,54,11
2007,United Kingdom,11773,607,17,8,141,13,10,2,130,30,,,16,5
2007,Germany,17540,429,12,6,203,12,13,3,230,27,1,,10,1
2007,France,7376,260,8,2,163,11,13,5,115,16,3,,7,2
2007,Japan,9878,233,6,3,73,3,3,,174,24,1,,7,
2007,Canada,6470,189,3,2,85,6,5,2,62,7,1,,4,
2007,Netherlands,4171,147,5,3,28,4,,1,,7,1,,4,1
2007,Australia,4299,139,1,,42,,3,1,35,4,1,,4,
2007,Switzerland,3131,138,3,1,47,5,,,31,8,,,5,1
2007,Italy,7159,132,5,,102,6,2,,77,4,,,7,
2007,Spain,4515,99,6,1,87,4,8,4,53,7,,,4,
2007,,4550,98,1,,,2,5,,,2,2,,,
2007,Sweden,2618,86,,,,4,,1,,4,,,5,
2007,China,15176,84,7,2,216,1,19,1,382,7,3,,33,4
2007,Israel,,66,,,33,1,,,,4,,,,
2007,Austria,2359,59,,,,,,1,,4,,,2,
2007,Belgium,,52,,,28,,2,1,33,2,3,,4,2
2007,Denmark,,46,,1,,,3,2,,4,,,4,
2007,South Korea,3347,41,,,32,3,4,2,43,5,1,,5,
2007,India,5058,36,2,,49,,18,,95,,,,,
2007,Russia,18448,,10,2,165,,7,,425,,3,,,
2007,Turkey,2690,,,,,,,,,,3,,,
2007,Brazil,2571,,,,36,1,,,,,,,2,
2007,Iran,,,2,,,,,,,,,,,
2007,Norway,,,2,,,,,,,,1,,,
2007,Poland,,,2,2,30,,,,47,,1,,3,
2007,Portugal,,,2,,,,,,,,1,,,
2007,Singapore,,,2,,,,10,,41,,,,,
2007,Finland,,,,1,,,,,,,,,,
2007,Mexico,,,,1,,,,,,,,,,
2007,Taiwan,,,,1,28,,9,,45,3,,,,
2007,Greece,,,,,,1,,,,,,,,
2007,Egypt,,,,,,,2,,,,,,,
2007,Ireland,,,,,,,2,,,,,,,
2007,Ukraine,,,,,,,,,45,,2,,,
2007,Belarus,,,,,,,,,41,,,,,
2007,Czech Republic,,,,,,,,,,,2,,,
2007,Bulgaria,,,,,,,,,,,1,,,
2007,Slovakia,,,,,,,,,,,1,,,
2007,Hong Kong,,,,,,,,,,,,,2,
2008,United States,41624,1995,67,36,614,45,50,11,463,93,18,1,74,9
2008,United Kingdom,13162,666,17,7,156,9,17,4,152,31,5,,12,1
2008,Germany,19394,426,14,6,223,9,14,3,258,29,4,,19,4
2008,Japan,10758,272,11,2,112,6,6,2,226,24,,,10,1
2008,France,8393,250,9,1,185,8,18,2,153,11,2,,10,1
2008,Canada,7002,201,3,1,103,7,6,1,66,9,1,,10,2
2008,Switzerland,3495,164,,1,47,3,,1,52,12,2,,6,5
2008,,2783,155,,,,2,5,,,2,,,,1
2008,Italy,8495,152,5,,128,4,7,,83,8,1,,4,
2008,Netherlands,4685,149,4,2,,2,,,,5,,,5,1
2008,Australia,4826,128,5,1,49,4,4,1,,2,3,,7,1
2008,Sweden,2927,120,,,,,4,,,4,1,,,1
2008,China,18811,104,15,1,286,3,13,,560,4,1,,37,2
2008,Spain,5044,98,5,,111,3,6,2,68,7,5,,5,
2008,Belgium,,78,,1,31,2,,,,,2,,,
2008,Israel,,70,,1,38,5,5,1,,6,2,,4,1
2008,Denmark,,62,,,,,,,,2,1,,,
2008,Austria,2782,57,,,,1,,1,,6,,,3,
2008,South Korea,4408,47,6,3,41,,,,65,3,1,,5,
2008,Finland,,42,2,,,2,,,,,1,,4,
2008,Russia,21848,,18,,213,,44,,785,3,,,,
2008,India,6451,,12,1,58,,15,,98,,,,6,
2008,Turkey,3179,,,,,,,,,,,,,
2008,Brazil,2978,,2,1,43,,6,,50,,,,,
2008,Singapore,,,5,,,,5,1,44,3,,,7,
2008,Taiwan,,,5,,,,,,51,,,,11,
2008,Iran,,,3,,28,,4,,,,3,,,
2008,Czech Republic,,,2,,,,,,,,1,,,
2008,Hungary,,,,1,,,,,,,,,,
2008,Ireland,,,,1,,,,,,,,,4,1
2008,Mexico,,,,1,,,,,39,,,,,
2008,Poland,,,,,52,,,,79,,,,,
2008,Ukraine,,,,,42,,13,1,80,,,,,
2008,Iceland,,,,,,2,,,,,,,,
2008,Argentina,,,,,,1,,,,,,,,
2008,DE,,,,,,1,,,,,,,,
2008,Belarus,,,,,,,8,,38,,,,,
2008,Norway,,,,,,,,1,,,,,,
2008,Trinidad and Tobago,,,,,,,,,,,1,,,
2009,United States,41228,2438,71,39,577,54,89,29,493,92,14,,73,14
2009,United Kingdom,12860,796,8,6,159,17,25,4,155,29,2,,11,1
2009,Germany,19499,609,24,9,228,14,50,7,312,45,4,,15,
2009,France,8375,309,22,7,185,13,27,1,120,11,,,8,
2009,Canada,6980,282,5,2,92,7,10,3,81,11,,,3,
2009,Japan,10454,261,18,6,105,,26,4,211,16,2,,13,1
2009,Netherlands,4963,228,7,5,49,4,,2,,6,1,,9,1
2009,Italy,8208,222,10,1,150,5,19,,83,12,3,,6,
2009,,,195,,2,,3,,1,,3,,,2,
2009,Switzerland,3464,192,4,4,49,7,,2,55,14,,,6,1
2009,Australia,5119,172,4,2,47,2,11,1,56,8,1,,10,
2009,Spain,5016,134,8,1,115,4,,2,73,7,1,,6,
2009,China,20880,115,31,5,303,5,136,2,666,4,2,,59,1
2009,Sweden,2831,110,,,38,3,,,,,1,,,
2009,Belgium,2395,98,,,,,,1,,3,,,,
2009,Israel,,80,,1,,4,,1,,3,1,,,
2009,Austria,2851,70,3,1,37,3,,,35,7,,,,
2009,Denmark,,65,3,1,,2,,,,,,,4,
2009,India,6791,64,7,,57,2,41,,123,,,,3,
2009,South Korea,5177,63,8,3,62,,21,4,72,8,2,,4,
2009,Russia,20900,,28,1,233,,390,2,607,3,6,,3,
2009,Brazil,3210,,3,,58,,13,,78,3,,,,
2009,Turkey,2789,,,,,,,,,,,,,
2009,Ukraine,,,4,,,,23,,57,,,,,
2009,Czech Republic,,,3,1,,2,13,,,,2,,,
2009,Finland,,,,1,,2,,,,,1,,,
2009,Poland,,,,,56,,27,,57,,,,,
2009,Taiwan,,,,,41,,16,,100,,,,9,
2009,Singapore,,,,,,3,15,,43,,,,,
2009,Belarus,,,,,,,23,,,,,,,
2009,Iran,,,,,,,13,,,,3,,,
2009,Chile,,,,,,,,,,2,,,,
2009,Algeria,,,,,,,,,,,1,,,
2009,Lithuania,,,,,,,,,,,1,,,
2009,New Zealand,,,,,,,,,,,1,,,
2009,Serbia,,,,,,,,,,,1,,,
2009,Ireland,,,,,,,,,,,,,3,
2009,Mexico,,,,,,,,,,,,,3,
2010,United States,44184,2776,105,50,780,71,204,25,460,107,16,,73,9
2010,United Kingdom,13836,873,20,9,221,22,44,5,150,31,3,,17,2
2010,Germany,21494,676,13,6,274,17,152,7,285,48,7,,16,3
2010,France,8945,338,20,7,225,15,76,1,169,23,1,,6,
2010,Canada,7941,336,8,1,126,4,22,5,69,13,1,,14,2
2010,Japan,10666,294,25,8,152,10,61,2,221,21,2,,10,
2010,Italy,8955,251,14,6,190,8,42,1,98,12,1,,8,
2010,Netherlands,6023,250,6,3,59,7,,5,45,11,,,5,1
2010,Switzerland,4004,235,,2,68,7,27,,52,11,,,6,1
2010,,,214,4,4,,14,,,,4,,,,
2010,Australia,5498,202,7,1,61,5,,1,50,12,1,,9,
2010,China,24234,191,77,8,448,14,367,6,714,12,2,,81,
2010,Spain,5975,188,7,3,135,7,46,2,79,7,,,6,
2010,Sweden,3276,128,,2,,2,,,41,,,,4,
2010,Belgium,2836,102,,,51,,,,,5,2,,,
2010,Denmark,,99,,3,,3,,2,,8,1,,,
2010,Austria,3087,95,,1,,5,,,,7,,,,
2010,Israel,,95,,2,,4,,1,,4,,,5,1
2010,India,8301,77,7,,109,,61,,134,,,,10,
2010,South Korea,6295,72,18,5,97,3,38,2,84,7,,,8,
2010,Russia,20232,,50,,211,,553,,334,,2,,,
2010,Brazil,3486,,,1,61,,39,,78,2,1,,,
2010,Turkey,2991,,,,,,27,,,,,,,
2010,Iran,,,8,,67,,,,,,,,,
2010,Singapore,,,8,,,,26,3,47,,,,,
2010,Poland,,,7,,69,,48,1,47,,,,,
2010,Ireland,,,6,,,2,,,,,,,,
2010,Ukraine,,,5,,,,59,,,,,,,
2010,Argentina,,,,1,,,,,,,,,2,
2010,Taiwan,,,,,60,2,29,,86,,,,6,
2010,Belarus,,,,,,,40,1,,,,,,
2010,Iceland,,,,,,,,1,,,,,,
2010,New Zealand,,,,,,,,,,3,,,,
2010,Greece,,,,,,,,,,,2,,,
2010,Croatia,,,,,,,,,,,1,,,
2010,Serbia,,,,,,,,,,,1,,,
2010,Czech Republic,,,,,,,,,,,,,3,
2010,Hong Kong,,,,,,,,,,,,,3,2
2011,United States,48782,3217,168,73,840,84,250,55,598,150,16,3,76,12
2011,United Kingdom,15032,891,31,15,252,29,80,9,162,37,6,2,16,3
2011,Germany,22912,721,49,22,333,26,198,15,366,52,8,2,14,1
2011,France,9935,376,26,4,261,12,81,,172,15,5,1,16,1
2011,Canada,8558,375,19,3,153,5,38,2,103,16,,1,11,
2011,Japan,11823,365,48,19,204,23,74,2,237,27,,1,13,1
2011,Netherlands,7297,288,,3,62,4,,4,,11,6,2,,
2011,China,27630,268,230,18,471,7,407,9,1000,17,3,,69,1
2011,Australia,6499,246,18,2,61,4,,3,82,16,2,,8,
2011,Italy,9978,246,25,3,206,6,69,2,165,23,,,8,1
2011,Switzerland,4483,219,11,7,91,7,27,6,62,21,,,7,2
2011,Spain,6839,218,37,11,199,11,49,4,104,14,2,,15,
2011,,,200,,2,,4,,3,,4,1,,,
2011,Sweden,3507,146,,,,4,,2,,5,2,1,6,1
2011,India,9817,132,30,,131,,69,,196,,,,5,
2011,South Korea,7085,106,28,5,94,6,59,9,131,17,,,14,
2011,Belgium,,105,7,,,,,1,,4,4,,6,1
2011,Denmark,,104,,2,,3,,2,47,7,2,,,
2011,Austria,3386,102,,1,65,8,,,,8,,1,,
2011,Israel,,99,,,53,5,,,,6,,,,
2011,Russia,21825,,98,2,249,,674,,318,,4,,4,
2011,Brazil,4324,,,2,80,2,44,,95,,,,,
2011,Iran,3389,,14,,72,,,,59,,,,,
2011,Turkey,3132,,,,,,34,,49,,2,,,
2011,Singapore,,,16,4,,,31,4,,6,,,,
2011,Poland,,,15,,79,,61,,72,,,,,
2011,Taiwan,,,11,,,,50,,126,,2,,5,
2011,Ukraine,,,9,,,,71,,,,,,,
2011,Greece,,,,3,,3,,1,,,,,4,
2011,Belarus,,,,,,,43,,,,,,,
2011,Saudi Arabia,,,,,,,,3,,,,,,
2011,Hong Kong,,,,,,,,1,,,,,,
2011,Croatia,,,,,,,,,,,3,,,
2011,Norway,,,,,,,,,,,3,1,,
2011,Finland,,,,,,,,,,,2,1,,
2011,Portugal,,,,,,,,,,,2,,,
2011,Serbia,,,,,,,,,,,2,,,
2011,Estonia,,,,,,,,,,,,1,,
2011,Ireland,,,,,,,,,,,,1,5,1
2011,Malaysia,,,,,,,,,,,,1,,
2011,Argentina,,,,,,,,,,,,,3,
2012,United States,52295,3280,270,111,1047,127,351,67,659,173,8,1,68,16
2012,United Kingdom,15821,945,51,22,268,34,103,21,220,58,,,19,3
2012,Germany,24114,721,53,20,372,30,197,14,405,63,8,,16,5
2012,France,10379,408,43,19,302,15,122,8,227,32,1,,10,2
2012,Japan,12750,382,61,18,201,23,96,5,268,29,3,,17,1
2012,China,31555,342,464,26,642,20,498,14,1066,32,4,,70,1
2012,Canada,9205,297,23,5,159,7,40,3,100,7,,,11,2
2012,Australia,7376,293,35,9,119,10,,7,108,20,4,,6,
2012,Netherlands,7545,292,18,7,85,13,,8,,14,,,7,2
2012,Switzerland,4842,280,17,12,117,20,,9,76,25,2,,7,2
2012,Italy,10698,264,33,7,244,8,81,3,178,22,2,,17,1
2012,Spain,7360,213,38,6,195,12,68,6,124,17,,,10,
2012,Sweden,3947,137,,6,,6,,,,9,,,6,
2012,Belgium,,133,,,,5,,,,,,,9,
2012,South Korea,8776,117,106,22,140,,84,9,233,14,,,12,
2012,Denmark,,116,,,,5,,2,,5,,,,
2012,Austria,3622,95,,,,5,,,,6,2,,5,
2012,India,12028,91,61,,212,,112,,241,,1,,11,
2012,Israel,,86,,,73,8,,2,,8,,,,
2012,Singapore,,82,31,9,,4,49,6,77,16,,,,1
2012,Russia,19546,,101,3,278,,644,,289,5,10,,,1
2012,Iran,4747,,29,,150,,50,,72,,,,12,
2012,Brazil,4705,,22,,122,4,70,,127,,,,4,1
2012,Turkey,3742,,,,,,48,,67,,,,,
2012,Taiwan,,,24,2,70,,49,3,123,6,,,9,
2012,Poland,,,16,,127,,45,,74,,2,,,
2012,Finland,,,,2,,,,2,,,,,,
2012,Ireland,,,,2,,,,,,,,,,
2012,Slovenia,,,,2,,,,,,,,,,
2012,,,,,,,5,,1,,,,,,
2012,Ukraine,,,,,,,53,,,,,,,
2012,Belarus,,,,,,,48,,,,,,,
2012,Greece,,,,,,,,1,,,1,,,
2012,New Zealand,,,,,,,,,,,2,,,
2012,Botswana,,,,,,,,,,,1,,,
2012,Central African Republic,,,,,,,,,,,1,,,1
2012,Czech Republic,,,,,,,,,,,1,,,1
2012,Fiji,,,,,,,,,,,1,,,
2012,French Polynesia,,,,,,,,,,,1,,,
2012,Gabon,,,,,,,,,,,1,,,1
2012,Bulgaria,,,,,,,,,,,,,,1
2012,Ghana,,,,,,,,,,,,,,1
2012,Panama,,,,,,,,,,,,,,1
2012,South Africa,,,,,,,,,,,,,,1
2013,United States,55254,3714,416,149,1265,164,492,69,636,189,14,1,86,17
2013,United Kingdom,17810,1069,90,25,375,33,124,17,214,60,6,,19,2
2013,Germany,25694,858,116,39,513,39,216,23,357,82,12,,28,1
2013,China,37090,539,837,47,890,30,809,17,949,41,4,,103,7
2013,France,11354,502,71,18,376,24,144,8,180,37,3,,16,3
2013,Japan,13927,456,117,34,277,38,107,9,319,43,,,13,
2013,Canada,10014,403,38,6,205,7,56,2,106,25,6,,12,1
2013,Australia,8435,374,49,7,132,8,54,9,91,27,3,,12,3
2013,Netherlands,8508,341,,10,139,21,,3,54,13,3,,14,
2013,Switzerland,5359,332,30,14,145,19,,4,93,39,,,6,
2013,Italy,12407,309,76,11,356,15,153,9,159,34,4,,13,
2013,Spain,8168,264,73,13,273,19,92,11,124,29,3,,11,
2013,Sweden,4365,208,30,5,,8,,2,,8,,,,
2013,South Korea,9633,162,183,35,166,12,114,9,208,21,,,8,
2013,Denmark,,135,,,,,,,,,,,,
2013,Belgium,,122,,,,,,,,7,,,8,
2013,Israel,,118,,8,,12,,4,,14,,,,
2013,Austria,,117,,4,93,5,,,,14,,,5,
2013,Singapore,,114,55,16,,9,,11,65,18,,,6,1
2013,Finland,,81,,5,,,,,,,1,,6,
2013,Russia,20768,,145,5,303,7,725,5,300,9,4,,,
2013,India,13413,,118,,279,,221,3,224,,,,10,
2013,Brazil,5654,,33,,151,,103,,107,6,1,,10,
2013,Iran,5630,,98,,175,,97,,117,,,,,
2013,Turkey,4502,,,,101,,48,,,,,,,
2013,Poland,4093,,,,137,,79,,91,,,,,
2013,Taiwan,,,49,7,,4,81,,100,,,,13,1
2013,Saudi Arabia,,,30,,,,43,2,,,,,,1
2013,Slovenia,,,,,,4,,,,,,,,
2013,Ukraine,,,,,,,63,,,,,,,
2013,,,,,,,,,2,,,,,,
2013,Czech Republic,,,,,,,,,,,2,,,
2013,Senegal,,,,,,,,,,,2,,,
2013,South Africa,,,,,,,,,,,2,,,
2013,Argentina,,,,,,,,,,,1,,,
2013,Ireland,,,,,,,,,,,1,,,
2013,Kenya,,,,,,,,,,,1,,,
2013,Norway,,,,,,,,,,,1,,,
2014,United States,58394,4294,572,220,1443,230,511,117,864,291,18,1,98,12
2014,United Kingdom,18370,1231,122,39,450,51,118,26,245,81,5,,29,
2014,Germany,26798,1043,144,57,576,70,272,31,479,115,6,1,36,5
2014,China,44272,760,1333,84,1104,58,983,23,1248,85,8,,79,4
2014,France,11993,622,75,18,461,43,154,7,240,56,,,20,2
2014,Japan,13678,521,152,44,316,50,134,13,359,66,3,,17,
2014,Canada,10878,469,54,9,219,18,71,10,133,36,4,,11,1
2014,Australia,9123,465,89,16,132,8,77,18,128,36,1,,19,
2014,Switzerland,5659,395,,16,156,27,,7,97,38,,,8,2
2014,Netherlands,8500,381,34,8,139,16,,7,75,25,2,,14,
2014,Italy,12788,363,78,17,354,12,117,8,191,39,3,,17,2
2014,Spain,8288,311,78,26,289,22,91,14,147,32,,,,
2014,South Korea,10202,232,252,29,201,17,119,11,263,28,,,17,
2014,Sweden,4574,229,,6,107,8,,4,,11,,,,
2014,Denmark,,176,,8,,7,,4,,13,,,6,1
2014,Austria,,170,,7,,9,,5,,22,2,1,11,2
2014,Belgium,,160,,7,,7,,,,10,1,,7,
2014,Singapore,,137,84,22,,9,67,7,92,19,1,,10,
2014,Israel,,125,,,105,,,7,,12,,,,
2014,Russia,21493,94,156,9,342,10,788,6,322,16,5,,,
2014,India,14834,,181,,309,,216,,278,,4,,21,1
2014,Brazil,6412,,,,176,,127,,145,,1,,7,
2014,Iran,6230,,153,,186,,123,,120,,,,,
2014,Turkey,4394,,,,,,57,,,,,,,
2014,Poland,4042,,38,,148,,66,,79,,3,,,
2014,Taiwan,,,96,13,,8,66,3,150,,,,15,2
2014,Malaysia,,,50,,,,,,,,,,,
2014,Saudi Arabia,,,39,,,,55,,,,,,,
2014,Algeria,,,,,,,,,,,1,,,
2014,Czech Republic,,,,,,,,,,,1,1,,
2014,Hungary,,,,,,,,,,,1,1,,
2014,Indonesia,,,,,,,,,,,1,,,
2014,Hong Kong,,,,,,,,,,,,,8,1
2015,United States,62813,4626,793,254,1650,245,558,123,982,292,18,1,106,13
2015,United Kingdom,20588,1542,197,51,566,79,154,22,345,92,3,,29,3
2015,Germany,27815,1267,196,71,660,87,200,33,502,131,8,,41,3
2015,China,49798,948,2113,117,1391,65,1241,35,1761,81,6,1,110,6
2015,France,12827,779,120,41,517,54,163,16,276,59,4,,21,1
2015,Japan,14491,625,207,67,348,55,144,17,433,83,,,22,1
2015,Canada,11431,553,81,17,244,21,74,10,159,44,,,25,2
2015,Australia,10220,549,143,21,219,16,94,11,188,38,3,1,14,
2015,Switzerland,6186,535,63,36,213,40,,13,105,40,2,,17,4
2015,Netherlands,8903,493,,18,165,24,,8,99,25,,,14,2
2015,Italy,13518,421,119,16,445,21,142,11,238,35,,,11,2
2015,Spain,8911,396,83,20,316,26,88,16,133,36,,,9,
2015,Sweden,5058,305,,7,,22,,4,,14,3,,,
2015,South Korea,10794,269,382,43,233,23,155,17,302,35,,,24,
2015,Denmark,,241,,8,,12,,5,,15,,,,
2015,Belgium,4258,207,,,,,,,,,,,,
2015,Israel,,185,,,134,15,,4,,18,,,,
2015,Singapore,,171,134,33,,18,74,17,108,24,,,11,
2015,Austria,,156,,,,,,,,12,1,,8,
2015,Finland,,121,,6,,,,,,,,,,
2015,Russia,23084,,199,8,397,13,896,4,370,16,10,,,
2015,India,15723,,276,,394,,258,,364,,2,,14,
2015,Brazil,7175,,59,,211,,123,,139,,2,,12,
2015,Iran,6822,,260,,201,,192,,212,,3,,,
2015,Turkey,4699,,,,,,78,,,,2,,,
2015,Taiwan,,,111,23,124,11,78,3,142,,,,,
2015,Saudi Arabia,,,86,18,,,,3,105,12,2,,10,
2015,Malaysia,,,64,,,,,,,,,,,
2015,Poland,,,,,170,,66,,,,2,,,
2015,Hungary,,,,,,10,,,,,,,,
2015,Ukraine,,,,,,,64,,,,2,,,
2015,Czech Republic,,,,,,,,,,,2,,,
2015,,,,,,,,,,,,1,,,1
2015,Bahrain,,,,,,,,,,,1,,,
2015,Greece,,,,,,,,,,,,1,,
2015,Egypt,,,,,,,,,,,,,9,
2015,Vietnam,,,,,,,,,,,,,7,
2015,Croatia,,,,,,,,,,,,,,1
2015,Ireland,,,,,,,,,,,,,,1
2015,Portugal,,,,,,,,,,,,,,1
2015,Thailand,,,,,,,,,,,,,,1
2016,United States,64833,5071,1013,318,1913,363,547,146,1261,317,164,32,124,21
2016,United Kingdom,20955,1848,253,63,628,94,181,42,463,114,46,9,40,4
2016,Germany,29203,1534,277,94,748,120,232,36,658,128,34,2,42,3
2016,China,55042,1056,2721,159,1705,104,1219,50,2094,98,40,5,139,4
2016,France,13563,877,152,39,561,77,121,15,349,61,33,8,35,3
2016,Japan,15382,711,275,78,428,84,154,16,538,75,,,31,2
2016,Switzerland,6443,617,,37,209,48,,10,125,36,20,7,16,3
2016,Australia,10860,610,156,24,225,26,80,13,196,36,22,5,19,2
2016,Canada,11624,596,93,18,301,36,67,14,211,39,15,2,21,2
2016,Netherlands,9242,574,,23,207,38,,5,112,26,16,3,20,5
2016,Spain,9040,462,154,42,395,43,71,19,187,33,15,2,14,1
2016,Italy,13602,442,174,25,497,29,111,12,277,31,20,2,20,3
2016,Sweden,5494,386,,11,,15,,,,,,3,13,
2016,South Korea,11214,297,491,57,241,33,160,22,381,43,,2,23,
2016,Denmark,,276,,,,15,,7,,15,,,,1
2016,Belgium,,247,,,,15,,,,14,,2,,
2016,Israel,,234,,18,149,22,,13,,25,,,,
2016,Austria,,223,,12,,12,,3,,20,,2,,1
2016,Singapore,,197,125,34,,17,82,21,144,36,14,6,,
2016,Finland,,145,,,,,,4,,,,2,9,1
2016,Russia,23865,,295,19,484,22,585,7,806,18,10,,,
2016,India,16255,,414,,397,,213,,436,,20,2,27,
2016,Iran,7524,,391,,209,,144,,244,,,,9,
2016,Brazil,6990,,93,,239,,82,,168,,39,3,16,
2016,Turkey,4772,,,,,,,,,,,,,
2016,Poland,4724,,91,,190,,47,,,,,,,
2016,Taiwan,,,135,11,144,,83,,203,,,,13,
2016,Saudi Arabia,,,120,14,,,64,7,118,16,,,17,1
2016,Malaysia,,,103,,,,,,,,,,,
2016,Egypt,,,,,,,53,,,,,,,
2016,Colombia,,,,,,,,,,,13,,,
2016,Mexico,,,,,,,,,,,10,,,
2016,Thailand,,,,,,,,,,,9,2,,
2016,Czech Republic,,,,,,,,,,,8,,,
2016,South Africa,,,,,,,,,,,8,,,
2016,,,,,,,,,,,,,,,1
2016,Kenya,,,,,,,,,,,,,,1
2017,United States,67824,6144,1050,334,2073,438,458,158,1547,447,318,70,118,17
2017,United Kingdom,22490,2209,320,94,737,150,133,39,583,141,97,18,31,6
2017,Germany,30796,1882,297,96,912,163,151,36,759,175,68,4,30,2
2017,China,57807,1504,3602,202,1883,139,1014,86,2539,148,96,12,130,4
2017,France,14020,1078,190,48,645,84,77,14,382,71,56,6,17,3
2017,Japan,16067,828,287,86,498,100,90,17,583,82,20,3,17,
2017,Canada,12370,768,146,22,342,39,60,16,243,50,49,9,24,2
2017,Switzerland,7127,768,,33,281,61,,8,151,51,33,3,15,4
2017,Australia,11320,700,172,32,284,32,64,16,237,52,35,6,16,2
2017,Netherlands,9373,666,,29,254,54,,,,27,24,3,13,2
2017,Italy,14571,575,174,32,568,47,67,9,314,60,66,2,21,2
2017,Spain,9696,540,167,42,434,51,78,20,203,51,14,,10,
2017,Sweden,5711,460,,16,169,25,,6,,19,,3,,3
2017,Denmark,,373,,17,,30,,13,,25,,,,
2017,South Korea,11042,346,517,53,290,44,163,15,403,37,14,2,21,1
2017,Belgium,,311,,,,,,,,18,,1,,
2017,Austria,,277,,,,27,,6,,25,,,,
2017,Israel,,243,,17,177,30,,7,,21,,,,
2017,Singapore,,238,125,40,,33,52,17,,34,,2,7,1
2017,Norway,,180,,,,15,,,,,,,,
2017,Russia,23884,,255,14,500,26,104,6,1433,31,,,,
2017,India,18360,,716,,489,,175,,644,,49,,15,
2017,Iran,8426,,639,,239,,121,,326,,,,,
2017,Brazil,7903,,,,298,,38,,218,,89,9,16,
2017,Poland,4758,,112,,248,,36,,142,,,,,
2017,Turkey,4706,,118,,,,,,144,,,,,
2017,Taiwan,,,196,15,,,75,6,196,,,,13,
2017,Saudi Arabia,,,124,12,,,41,,155,,23,,10,
2017,Malaysia,,,121,,,,,,,,16,,,
2017,Egypt,,,,,,,37,,,,,,7,
2017,Finland,,,,,,,,7,,,,,,
2017,Colombia,,,,,,,,,,,22,1,,1
2017,Mexico,,,,,,,,,,,17,,,
2017,Thailand,,,,,,,,,,,16,2,7,
2017,Argentina,,,,,,,,,,,,1,,
2017,Czech Republic,,,,,,,,,,,,1,,
2017,Kenya,,,,,,,,,,,,,,1
2017,Mali,,,,,,,,,,,,,,1
2017,Moldova,,,,,,,,,,,,,,1
2017,Tanzania,,,,,,,,,,,,,,1
2018,United States,69579,7692,1193,386,2144,498,440,166,1488,481,412,111,121,25
2018,United Kingdom,23065,2721,325,112,736,144,104,41,519,157,122,30,51,9
2018,Germany,31075,2342,321,122,843,166,121,47,651,197,60,16,48,3
2018,China,60881,2133,4143,312,2067,178,920,100,2410,224,130,19,133,6
2018,France,13602,1345,194,55,639,106,76,27,380,89,77,13,18,1
2018,Switzerland,7338,1012,,55,314,78,35,16,190,92,31,5,14,3
2018,Australia,11693,946,189,43,276,38,42,15,212,54,49,12,19,2
2018,Canada,12667,931,148,28,360,45,56,20,237,61,47,7,19,2
2018,Japan,15680,930,313,89,481,89,79,20,534,107,24,6,16,
2018,Netherlands,10012,892,,42,265,61,,21,,48,20,6,15,3
2018,Italy,14940,701,196,47,619,46,82,20,301,60,55,4,18,
2018,Spain,9728,685,167,54,413,50,66,25,193,56,19,,18,
2018,Sweden,5937,614,,17,185,33,,,,40,22,6,8,1
2018,South Korea,11243,437,545,69,280,33,137,23,422,54,,,27,
2018,Denmark,,428,,15,,26,,,,18,,,,
2018,Austria,4912,362,,,,23,,,,28,,2,7,1
2018,Belgium,,356,,18,,18,,7,,26,17,6,,
2018,Israel,,310,,,177,23,,6,,33,,,,1
2018,Singapore,,310,153,67,,43,74,33,,50,,5,16,1
2018,Finland,,235,,,,,,7,,,,4,,
2018,Russia,24701,,406,20,594,25,153,6,1595,32,,,,
2018,India,19651,,971,,504,,223,,801,,71,,14,
2018,Iran,9129,,763,,247,,150,,396,,,,,
2018,Brazil,8469,,178,,319,,32,,206,,110,12,16,1
2018,Turkey,5134,,,,,,,,163,,,,,
2018,Saudi Arabia,,,195,19,,,39,5,191,,23,,11,
2018,Malaysia,,,162,,,,,,,,,,,
2018,Egypt,,,152,,,,47,,228,,,,,
2018,Taiwan,,,148,27,,,53,10,176,,18,,,
2018,Poland,,,,,211,,,,,,,,,
2018,Thailand,,,,,,,,,,,23,6,11,
2018,Mexico,,,,,,,,,,,18,,,
2018,Portugal,,,,,,,,,,,,3,,1
2018,Botswana,,,,,,,,,,,,2,,
2018,Greece,,,,,,,,,,,,,,1
2018,Hong Kong,,,,,,,,,,,,,,1
2018,Malawi,,,,,,,,,,,,,,1
2018,Sierra Leone,,,,,,,,,,,,,,1
2018,Tanzania,,,,,,,,,,,,,,1
2019,United States,73570,8016,1260,449,2444,567,396,166,1558,511,411,96,147,32
2019,United Kingdom,25370,2935,362,104,840,176,116,44,543,170,109,31,35,11
2019,China,70841,2557,5138,415,2545,264,1020,115,2628,283,170,23,139,7
2019,Germany,33004,2435,342,124,964,182,132,49,715,200,75,21,30,6
2019,France,14288,1415,209,50,736,116,83,21,456,103,54,16,19,8
2019,Japan,16902,1066,389,121,610,117,92,34,562,120,30,5,19,2
2019,Canada,13447,1065,186,34,415,61,54,18,267,68,55,10,18,6
2019,Switzerland,7742,1049,,56,304,80,51,25,201,88,27,8,12,3
2019,Australia,12462,1037,240,49,336,41,67,17,228,53,63,12,15,2
2019,Netherlands,10752,978,,33,264,71,,19,,34,23,7,13,6
2019,Spain,10798,810,225,47,509,65,75,20,223,55,26,3,23,
2019,Italy,15689,738,,24,650,58,68,16,310,49,29,7,23,2
2019,Sweden,6367,677,,28,195,37,,14,,43,,7,,
2019,South Korea,11869,487,611,80,296,35,149,25,432,51,34,,31,
2019,Denmark,,447,,,,26,,5,,,,,,
2019,Austria,,411,,15,,24,,8,,29,22,4,,1
2019,Israel,,400,,27,222,49,,11,,40,,,,
2019,Belgium,,396,,,,24,,,,26,22,4,8,2
2019,Singapore,,355,,63,,45,65,29,156,64,21,6,,
2019,Finland,,270,,,,,,,,20,,,,
2019,Russia,24918,,519,19,775,24,153,10,1723,39,,,,
2019,India,24068,,1244,,661,,217,,964,,57,3,14,
2019,Iran,11392,,1076,,348,,194,,456,,,,8,
2019,Brazil,9343,,216,,348,,46,,263,,114,11,13,1
2019,Turkey,6098,,234,,,,,,,,,,,
2019,Poland,5331,,,,281,,,7,157,,,,,
2019,Saudi Arabia,,,255,16,,,,,178,,,,15,
2019,Malaysia,,,249,,,,47,,,,,,,
2019,Egypt,,,229,,,,48,,239,,,,14,
2019,Taiwan,,,192,21,,,54,,,,,,,
2019,Pakistan,,,186,,,,,,,,,,,
2019,South Africa,,,,,,,,,,,22,3,,2
2019,Colombia,,,,,,,,,,,20,,,
2019,Greece,,,,,,,,,,,,2,,
2019,Kenya,,,,,,,,,,,,,8,
2019,Nigeria,,,,,,,,,,,,,,2
2019,Botswana,,,,,,,,,,,,,,1
2019,Ethiopia,,,,,,,,,,,,,,1
2019,Honduras,,,,,,,,,,,,,,1
2019,Hong Kong,,,,,,,,,,,,,,1
2020,United States,62190,6117,988,340,2023,455,305,116,1230,378,370,87,1438,197
2020,United Kingdom,21675,2242,327,93,675,129,84,36,434,127,125,31,784,97
2020,China,63124,2035,4649,310,2362,218,830,86,2082,233,168,14,1041,74
2020,Germany,27523,1868,304,107,871,173,110,36,557,162,76,12,639,52
2020,France,12261,994,209,48,575,75,72,16,353,80,56,13,292,29
2020,Canada,11962,872,188,31,333,56,55,12,204,46,51,11,276,25
2020,Australia,10523,817,200,31,261,39,46,10,193,52,50,10,193,36
2020,Switzerland,6455,810,,42,273,77,,9,171,84,40,10,173,26
2020,Japan,14835,732,309,101,453,106,59,15,429,71,,,115,
2020,Netherlands,8748,725,,35,198,43,,7,,38,32,8,214,28
2020,Italy,14892,575,,31,564,46,52,5,250,42,35,4,765,30
2020,Spain,9238,568,195,38,400,51,59,13,176,48,19,3,195,15
2020,Sweden,5283,522,,13,,25,,7,,32,,4,,7
2020,South Korea,9234,386,482,62,239,37,110,19,347,52,24,,,
2020,Denmark,,370,,17,,22,,7,,25,,4,,7
2020,Belgium,,324,,,,,,,,19,17,3,117,
2020,Israel,,300,,19,138,24,,9,,27,,4,,10
2020,Austria,,289,,11,,13,,5,,25,19,,116,7
2020,Singapore,,258,,46,,32,45,16,,40,19,5,109,10
2020,Norway,,200,,,,,,,,,,3,,5
2020,India,22921,,1342,,632,,264,,1037,,95,,445,
2020,Russia,13382,,378,20,488,23,93,,903,23,,3,,5
2020,Iran,10852,,1083,,368,,169,,413,,22,,129,
2020,Brazil,9122,,262,,333,,42,3,246,,95,4,120,8
2020,Turkey,6630,,322,,157,,,,174,,,,99,
2020,Egypt,4442,,289,,,,57,,235,,,,,
2020,Saudi Arabia,,,315,,,,,,218,,,,,
2020,Malaysia,,,253,,,,38,,,,,,,
2020,Pakistan,,,225,,,,39,,129,,,,,
2020,Vietnam,,,194,,,,49,,,,,,,
2020,Taiwan,,,,18,,16,,4,,,,,,
2020,Poland,,,,,210,,,,,,,,,
2020,South Africa,,,,,,,,,,,18,,,
2020,Mexico,,,,,,,,,,,17,,,
2020,Argentina,,,,,,,,,,,,2,,
2020,Greece,,,,,,,,,,,,,77,
2020,Portugal,,,,,,,,,,,,,,8
